Feature, Information Value
great, 0.216210
!, 0.169748
amazing, 0.148440
delicious, 0.124767
the best, 0.115193
best, 0.114486
and, 0.103369
awesome, 0.098802
love, 0.096597
excellent, 0.095418